Jason Hu <jia-cheng.hu@intel.com>
Wenchao Wang <wenchao.wang@intel.com>
Jacob Chen <jacob.chen@intel.com>
Ziv Chang <ziv.chang@intel.com>
Franky Yang <franky.yang@intel.com>
Yang Yan <yang.a.yan@intel.com>
Defeng Shen <defeng.shen@intel.com>
